[
    {
        "pk": 1,
        "model": "movies.actor",
        "fields": {
            "name": "견자단"
        }
    },
    {
        "pk": 2,
        "model": "movies.actor",
        "fields": {
            "name": "사정봉"
        }
    },
    {
        "pk": 3,
        "model": "movies.actor",
        "fields": {
            "name": "양가휘"
        }
    },
    {
        "pk": 4,
        "model": "movies.actor",
        "fields": {
            "name": "여명"
        }
    },
    {
        "pk": 5,
        "model": "movies.actor",
        "fields": {
            "name": "판빙빙"
        }
    },
    {
        "pk": 6,
        "model": "movies.actor",
        "fields": {
            "name": "벨렌 루에다"
        }
    },
    {
        "pk": 7,
        "model": "movies.actor",
        "fields": {
            "name": "페르난도 카요"
        }
    },
    {
        "pk": 8,
        "model": "movies.actor",
        "fields": {
            "name": "로저 프린셉"
        }
    },
    {
        "pk": 9,
        "model": "movies.actor",
        "fields": {
            "name": "다니엘 오떼유"
        }
    },
    {
        "pk": 10,
        "model": "movies.actor",
        "fields": {
            "name": "루디빈 사니에"
        }
    },
    {
        "pk": 11,
        "model": "movies.actor",
        "fields": {
            "name": "송지효"
        }
    },
    {
        "pk": 12,
        "model": "movies.actor",
        "fields": {
            "name": "김무열"
        }
    },
    {
        "pk": 13,
        "model": "movies.actor",
        "fields": {
            "name": "매기 스미스"
        }
    },
    {
        "pk": 14,
        "model": "movies.actor",
        "fields": {
            "name": "헬레나 본햄 카터"
        }
    },
    {
        "pk": 15,
        "model": "movies.actor",
        "fields": {
            "name": "줄리안 샌즈"
        }
    },
    {
        "pk": 16,
        "model": "movies.actor",
        "fields": {
            "name": "덴홈 엘리엇"
        }
    },
    {
        "pk": 17,
        "model": "movies.actor",
        "fields": {
            "name": "다니엘 데이 루이스"
        }
    },
    {
        "pk": 18,
        "model": "movies.actor",
        "fields": {
            "name": "루퍼트 그레이브즈"
        }
    },
    {
        "pk": 19,
        "model": "movies.actor",
        "fields": {
            "name": "주디 덴치"
        }
    },
    {
        "pk": 20,
        "model": "movies.actor",
        "fields": {
            "name": "장동윤"
        }
    },
    {
        "pk": 21,
        "model": "movies.actor",
        "fields": {
            "name": "서벽준"
        }
    },
    {
        "pk": 22,
        "model": "movies.actor",
        "fields": {
            "name": "김호정"
        }
    },
    {
        "pk": 23,
        "model": "movies.actor",
        "fields": {
            "name": "김지영"
        }
    },
    {
        "pk": 24,
        "model": "movies.actor",
        "fields": {
            "name": "김영민"
        }
    },
    {
        "pk": 25,
        "model": "movies.actor",
        "fields": {
            "name": "류아벨"
        }
    },
    {
        "pk": 26,
        "model": "movies.actor",
        "fields": {
            "name": "신혜선"
        }
    },
    {
        "pk": 27,
        "model": "movies.actor",
        "fields": {
            "name": "배종옥"
        }
    },
    {
        "pk": 28,
        "model": "movies.actor",
        "fields": {
            "name": "허준호"
        }
    },
    {
        "pk": 29,
        "model": "movies.actor",
        "fields": {
            "name": "휴 잭맨"
        }
    },
    {
        "pk": 30,
        "model": "movies.actor",
        "fields": {
            "name": "조 샐다나"
        }
    },
    {
        "pk": 31,
        "model": "movies.actor",
        "fields": {
            "name": "자크 갈리피아나키스"
        }
    },
    {
        "pk": 32,
        "model": "movies.actor",
        "fields": {
            "name": "엠마 톰슨"
        }
    },
    {
        "pk": 33,
        "model": "movies.actor",
        "fields": {
            "name": "최지훈"
        }
    },
    {
        "pk": 34,
        "model": "movies.actor",
        "fields": {
            "name": "오인성"
        }
    },
    {
        "pk": 35,
        "model": "movies.actor",
        "fields": {
            "name": "은영선"
        }
    },
    {
        "pk": 36,
        "model": "movies.actor",
        "fields": {
            "name": "양정화"
        }
    },
    {
        "pk": 37,
        "model": "movies.actor",
        "fields": {
            "name": "박성태"
        }
    },
    {
        "pk": 38,
        "model": "movies.actor",
        "fields": {
            "name": "은정"
        }
    },
    {
        "pk": 39,
        "model": "movies.actor",
        "fields": {
            "name": "정재헌"
        }
    },
    {
        "pk": 40,
        "model": "movies.actor",
        "fields": {
            "name": "남도형"
        }
    },
    {
        "pk": 41,
        "model": "movies.actor",
        "fields": {
            "name": "엄상현"
        }
    },
    {
        "pk": 42,
        "model": "movies.actor",
        "fields": {
            "name": "이원찬"
        }
    },
    {
        "pk": 43,
        "model": "movies.actor",
        "fields": {
            "name": "정주원"
        }
    }
]