[
    {
        "model": "movies.movie",
        "pk": "20090916",
        "fields": {
            "title": "8인: 최후의 결사단",
            "title_en": "Bodyguards And Assassins",
            "genre": [
                1,
                2
            ],
            "open_date": "2010-01-21",
            "director": "진덕삼",
            "actors": [
                1,
                2,
                3,
                4,
                5
            ],
            "description": "1906년 10월 15일, 비바람이 몰아치는 혼돈의 땅 홍콩.\n동맹회 13성의 대표와 만나 혁명을 위한 봉기를 계획하기 위해 영웅 ‘쑨원’이 도착한다.\n하지만 그를 암살하려는 수백 명의 자객들이 잠입하고, 흩어져 살던 8인의 숨은 고수는 스스로 표적이 되어 영웅을 지키려 한다.\n혁명을 도모하기 위한 1시간, 끝없이 등장하는 암살자들로부터 영웅을 구하려는 8인의 목숨 건 사투가 시작된다.",
            "img_url": "http://www.kobis.or.kr/common/mast/movie/2020/06/04c1d748fa864b7091eb751ac98c9d9f.jpg"
        }
    },
    {
        "model": "movies.movie",
        "pk": "20080024",
        "fields": {
            "title": "오퍼나지: 비밀의계단",
            "title_en": "The Orphanage",
            "genre": [
                3,
                4,
                5
            ],
            "open_date": "2008-02-14",
            "director": "후안 안토니오 바요나",
            "actors": [
                6,
                7,
                8
            ],
            "description": "로라는 남편, 아들인 시몬과 함께 아픈 아이들을 위한 보호소를 열기 위해 자신이 자란 고아원으로 돌아온다. 오픈 파티 날, 로라는 새로 사귄 친구를 소개해주겠다고 떼를 쓰는 시몬을 다그친다. 화가 난 시몬은 집을 뛰쳐나가고 바다 앞 동굴에서 실종된다.\n6개월 후, 여전히 아들을 찾고 있는 로라는 조용한 집에서 공포스러운 존재를 느끼며 충격적인 진실과 마주하게 되는데…",
            "img_url": "http://www.kobis.or.kr/common/mast/movie/2020/04/bddd7cecb75e4cb586110186259c4ea9.jpg"
        }
    },
    {
        "model": "movies.movie",
        "pk": "20185383",
        "fields": {
            "title": "레미: 집 없는 아이",
            "title_en": "Remi, Nobody's Boy",
            "genre": [
                6,
                7,
                3
            ],
            "open_date": "2020-05-28",
            "director": "앙트완 블로시에르",
            "actors": [
                9,
                10
            ],
            "description": "인생 멘토와 함께 꿈과 가족을 찾아 떠난\n소년의 아주 특별한 여행!\n\n자신이 버려진 아이란 걸 알게 된 소년 레미는\n어느 날 거리의 음악가 비탈리스를 만나게 된다.\n소년이 가진 아름다운 목소리와 노래의 재능을 알아본 비탈리스는\n레미에게 따뜻한 스승이자 인생 멘토가 되어주고,\n두 사람은 동물 친구들과 함께 프랑스 전역을 여행하며 공연을 이어간다.\n\n거듭되는 시련들 속에서도 희망을 잃지 않고 꿈을 노래하던 레미는\n어느 날 자신의 출생에 숨겨진 비밀을 풀어줄 단서를 알게 되는데...\n과연, 레미는 자신의 진짜 가족을 찾을 수 있을까?\n\n올해의 멘티•멘토가 전하는 무공해 감동 대작이 찾아온다!",
            "img_url": "http://www.kobis.or.kr/common/mast/movie/2020/05/6bc5ce7cff69415bada34bfd73442703.jpg"
        }
    },
    {
        "model": "movies.movie",
        "pk": "20197863",
        "fields": {
            "title": "침입자",
            "title_en": "Intruder",
            "genre": [
                4,
                5
            ],
            "open_date": "2020-06-04",
            "director": "손원평",
            "actors": [
                11,
                12
            ],
            "description": "25년만에 돌아온 동생,\n나는 그녀가 의심스럽다!\n\n얼마 전 사고로 아내를 잃고 실의에 빠져 있는 건축가 ‘서진’에게\n25년 전 실종된 동생을 찾았다는 연락이 온다\n처음 본 자신을 친근하게 “오빠”라고 부르는 ‘유진’이 어딘가 불편한 ‘서진’과 달리\n가족들은 금세 그녀를 받아들인다\n\n그런데 ‘유진’이 돌아온 후 가족들에게 이상한 일들이 벌어지기 시작하고,\n이를 의심스럽게 여긴 ‘서진’은 동생의 비밀을 쫓다 자신의 일상을 송두리째 뒤흔든 사건에\n그녀가 연관되어 있음을 알게 되는데...\n\n추적 끝에 드러나는 충격적인 진실!",
            "img_url": "http://www.kobis.or.kr/common/mast/movie/2020/05/4f1318fb3e2a430081c25f27909a0286.jpg"
        }
    },
    {
        "model": "movies.movie",
        "pk": "19890188",
        "fields": {
            "title": "전망좋은 방",
            "title_en": "A Room With A View",
            "genre": [
                3,
                8
            ],
            "open_date": "1989-06-24",
            "director": "제임스 아이보리",
            "actors": [
                13,
                14,
                15,
                16,
                17,
                18,
                19
            ],
            "description": "첫 키스는 누군가의 인생을 영원히 바꾸기도 한다!\n\n여행지 피렌체에서 ‘전망 좋은 방’을 루시에게 양보한 조지는 충동적이고 열정적인 몽상가.\n그녀의 약혼자는 여성을 예술품처럼 소유하려는 보수적인 세실.\n관습과 자유로운 삶 사이에서 갈등하며 진정한 사랑을 선택하려는 루시.\n고지식한 사촌 샬롯의 가이드 없이 그녀는 지도 밖으로의 여행을 시작한다.",
            "img_url": "http://www.kobis.or.kr/common/mast/movie/2020/05/bf933f1b1300454a8a9d413d72cffdc0.jpg"
        }
    },
    {
        "model": "movies.movie",
        "pk": "20090916",
        "fields": {
            "title": "8인: 최후의 결사단",
            "title_en": "Bodyguards And Assassins",
            "genre": [
                1,
                2
            ],
            "open_date": "2010-01-21",
            "director": "진덕삼",
            "actors": [
                1,
                2,
                3,
                4,
                5
            ],
            "description": "1906년 10월 15일, 비바람이 몰아치는 혼돈의 땅 홍콩.\n동맹회 13성의 대표와 만나 혁명을 위한 봉기를 계획하기 위해 영웅 ‘쑨원’이 도착한다.\n하지만 그를 암살하려는 수백 명의 자객들이 잠입하고, 흩어져 살던 8인의 숨은 고수는 스스로 표적이 되어 영웅을 지키려 한다.\n혁명을 도모하기 위한 1시간, 끝없이 등장하는 암살자들로부터 영웅을 구하려는 8인의 목숨 건 사투가 시작된다.",
            "img_url": "http://www.kobis.or.kr/common/mast/movie/2020/06/04c1d748fa864b7091eb751ac98c9d9f.jpg"
        }
    },
    {
        "model": "movies.movie",
        "pk": "20209021",
        "fields": {
            "title": "런 보이 런",
            "title_en": "RUN BOY RUN",
            "genre": [
                3
            ],
            "open_date": "2020-05-28",
            "director": "오원재",
            "actors": [
                20,
                21
            ],
            "description": "우리, 어디서부터 잘못된 걸까?\n\n촉망받는 달리기 선수였던 ‘도원’은 불의의 사고로 부상을 당한 후\n도망치듯 전학을 온 학교에서 어릴 적 함께 달리던 단짝 ‘진수’를 만난다.\n재회의 반가움도 잠시, 순수했던 과거와 다른 모습의 ‘진수’와\n함께 하던 ‘도원’은 예상치 못한 사건에 휩쓸리게 되는데…\n\n점점 나락으로 빠지는 상황을 벗어나\n같은 꿈을 꾸던 미래를 맞이할 수 있을까?",
            "img_url": "http://www.kobis.or.kr/common/mast/movie/2020/05/47251f49941b4b6c9e2bf27552ca27e9.jpg"
        }
    },
    {
        "model": "movies.movie",
        "pk": "20190461",
        "fields": {
            "title": "프랑스여자",
            "title_en": "A French Woman",
            "genre": [
                3
            ],
            "open_date": "2020-06-04",
            "director": "김희정",
            "actors": [
                22,
                23,
                24,
                25
            ],
            "description": "“그 순간이 기억나,\n그 때가 제일 행복했던 것 같아”\n\n한때 배우를 꿈꿨지만 파리 유학 후 그곳에서 프랑스인 남편과 정착한 미라.\n이별의 아픔을 겪고 오랜만에 한국에 돌아온 그녀는 20년 전 공연예술아카데미에서\n함께 공부했던 옛 친구들, 영화 감독 ‘영은’과 연극 연출가 ‘성우’와 재회한다.\n2년 전 세상을 떠난 후배 배우 ‘해란’에 대한 기억을 떠올리려 애쓰지만\n어느 것도 선명하지 않은 기억 속에서 ‘미라’는 한 순간에 그때 그 시절 과거로 돌아가\n꿈과 현실이 교차하고 과거와 현재를 넘나드는 아주 특별한 여행을 하게 되는데…",
            "img_url": "http://www.kobis.or.kr/common/mast/movie/2020/05/4d0d30a4a0ce449c8af9bc882895c513.jpg"
        }
    },
    {
        "model": "movies.movie",
        "pk": "20183813",
        "fields": {
            "title": "결백",
            "title_en": "Innocence",
            "genre": [
                3
            ],
            "open_date": "2020-06-10",
            "director": "박상현",
            "actors": [
                26,
                27,
                28
            ],
            "description": "아빠의 장례식장에서 벌어진 막걸리 농약 살인사건\n기억을 잃은 채 살인사건의 용의자로 몰린 엄마 '화자'(배종옥)의 결백을 밝히려는 변호사 '정인'(신혜선)이 '추시장'(허준호)과 마을 사람들이 숨기려 한 추악한 진실을 파헤쳐가는 무죄 입증 추적극",
            "img_url": "http://www.kobis.or.kr/common/mast/movie/2020/06/982ee656192144efbd80679bace18772.jpg"
        }
    },
    {
        "model": "movies.movie",
        "pk": "20197691",
        "fields": {
            "title": "잃어버린 세계를 찾아서",
            "title_en": "Missing Link",
            "genre": [
                9,
                7
            ],
            "open_date": "2019-10-09",
            "director": "크리스 버틀러",
            "actors": [
                29,
                30,
                31,
                32
            ],
            "description": "“저기… 제 가족을 좀 찾아 주시겠어요?”\n\n예티, 빅풋, 사스콰치라 불리는 전설의 동물\n유일하게 살아남은 ‘Mr. 링크’는 지구 반 바퀴 너머에 있는\n일명 잃어버린 세계 ‘샹그릴라’에서 동족의 흔적이 발견됐다는 사실을 알게 된다\n\n한편, 자칭 세계 최고의 탐험가라 주장하는 ‘라이오넬’\n전설의 동물 ‘빅풋’을 목격했다는 편지 한 통을 받고 북아메리카로 향한다\n그리고 진짜로 만나게 된 전설의 동물은… 바로 ‘Mr. 링크’!\n\n오랜 시간 숨어 살아온 ‘링크’에게는\n가족을 찾기 위해 탐험가 ‘라이오넬’의 도움이 절실한 상황!\n우여곡절 끝에 둘은 함께 모험을 떠나게 되는데…\n\n미국 찍고! 유럽 돌고! 아시아 넘어!\n링크와 라이오넬의 스펙터클! 글로벌 어드벤처가 시작된다!",
            "img_url": "http://www.kobis.or.kr/common/mast/movie/2019/09/14fb7ccb1b874e8087d448048c3f8058.jpg"
        }
    },
    {
        "model": "movies.movie",
        "pk": "20030094",
        "fields": {
            "title": "원더풀 데이즈",
            "title_en": "Wonderful Days",
            "genre": [
                9,
                1
            ],
            "open_date": "2003-07-17",
            "director": "김문생",
            "actors": [
                33,
                34,
                35
            ],
            "description": "빛이 사라진 세상 미래를 바꿀 운명의 판타지가 시작된다 선택받은 도시 에코반, 침입자 발생 에너지 전쟁 이후 생존자들은 남태평양에 오염된 공기와 물을 에너지원으로 한 인공지능 도시 에코반을 건설한다. 난민들이 속속 몰려들지만 에코반의 권력자들은 방사능에 오염된 그들을 받아들이지 않는다. 난민들은 에코반 근처에 터전을 마련하고, 마르라 이름짓는다. 에코반이 건설된 지 100 년 후 인공지능도시 에코반의 심장부 델로스 타워에 누군가 침입한다. 에코반 경비대원 제이는 그가 첫사랑 수하임을 알게 된다. 기적처럼 돌아온 나의 연인, 그러나 우린 이제 적이다 하늘은 잿빛이 아니라 푸른 빛이라고, 언젠가 꼭 푸른 하늘을 보여주고 싶다고 말했던 수하. 그러나 갑자기 에코반을 떠났고 사람들은 모두 그가 죽었다고 했다. 기다렸던 첫사랑을 적으로 만난 제이는 혼란에 휩싸이고 제이를 사랑하는 경비대장 시몬 역시 수하의 존재를 알게 된다. “푸른 하늘을 보여줄게\", 미래의 운명을 바꿀 단 하나의 약속 대기가 맑아지면서 에코반의 에너지원도 점차 줄어든다. 위기를 느낀 에코반은 마르 전체를 불태워 자신들의 생존을 위한 에너지를 충전하려 하고 나날이 가혹해지는 에코반의 억압으로 마르인들의 분노도 격앙된다. 두 도시의 대립이 첨예해지는 가운데 수하의 생존을 알게 된 시몬은 에코반과 제이를 지키기 위해 수하를 제거하려 하는데...",
            "img_url": "http://www.kobis.or.kr/upload/up_img/cleansing/x00/00/70/mov_20030094_37097.jpg"
        }
    },
    {
        "model": "movies.movie",
        "pk": "20135946",
        "fields": {
            "title": "고스트 메신저 극장판",
            "title_en": "Ghost Messenger",
            "genre": [
                9,
                10,
                11
            ],
            "open_date": "2014-05-22",
            "director": "구봉회",
            "actors": [
                36,
                37,
                38,
                39
            ],
            "description": "고스트메신저인 강림도령은 현상계에서 임무를 수행하던 중 뜻하지 않게 자신의 소울폰 'Black Shark'에 갇혀버린다. 영적인 힘을 지닌 12살 소년 강림이 우연히 소울폰을 손에 넣게 되고 장난으로 시작했던 일들이 점점 큰 문제가 되어 돌아 오자 꼬마강림은 강림도령을 밖으로 꺼내주게 되는데.. 현대의 대한민국 서울. 고스트 메신저 강림도령은 령 포박 임무를 수행하던 중 실수로 자신의 소울폰에 갇혀 버린다. 이 소울폼을 발견하는 한 소년.. 강한 영적인 힘을 가진 인간계의 12살 소년 강림이다. 강림도령은 소년의 도움을 받아 소울폰에서 빠져나오게 된다. 강림도령은 자신과 이름이 같은 소년을 꼬마강림이라 부르기로 한다. 이후 둘은 함께 활약하게 되는데 강림도령과 꼬마 강림... 고스트메신저와 인간... 결코 어울릴 수 없는 둘이 어울리자 이를 지켜보고만 있을 수 없었던 세력들이 나타난다",
            "img_url": "http://www.kobis.or.kr/common/mast/movie/2014/05/05fcd79049b44400af96966e7fd83907.jpg"
        }
    },
    {
        "model": "movies.movie",
        "pk": "20176983",
        "fields": {
            "title": "킹 오브 프리즘 - 프라이드 더 히어로",
            "title_en": "King of prism - PRIDE the HERO",
            "genre": [
                9
            ],
            "open_date": "2017-06-10",
            "director": "히시다 마사카즈",
            "actors": [
                40,
                41,
                42,
                43
            ],
            "description": "Over The Rainbow의 라이브를 보고 프리즘 쇼를 동경해 에델로즈에 입학하게 된 이치죠 신.\n그곳엔 7명의 신입생들이 미래의 프리즘스타가 되기 위해 연습하고 있었다.\n하지만, 노리즈키 진이 이끄는 슈왈츠로즈의 음모가\n에델로즈를 해체 위기로 몰아넣는다.\n\n에델로즈를 구하기 위해 잠정 활동 중단에 들어간 Over The Rainbow.\n코우지는 거액의 빚을 갚기 위해 할리우드로 영화음악을 제작하러 떠나고,\n카즈키는 스트리트 계로서의 초심을 돌아보고,\n히로는 실력 향상을 위해 특훈에 돌입한다.\n\n각자의 위치에서 프리즘스타로서의 자신과 마주 보는 멤버들.\n선배로부터 후배에게 이어지는 바통. 되돌아보는 동료와의 인연.\n\n파란 속에 드디어 프리즘 킹 컵 개막.\n지금까지 그 누구도 본 적 없는 프리즘 점프의 숨 막히는 응수.\n킹 오브 프리즘의 왕관은 과연 누구의 머리 위에서 빛날 것인가.",
            "img_url": "http://www.kobis.or.kr/common/mast/movie/2018/04/c26c1839e4ca4c2a9d5a165f52ffea09.jpg"
        }
    }
]